Pais,AÃ±o,Valor
Aruba,2015,27458.2253310273
Aruba,2016,27441.5296617282
Aruba,2017,28440.051963759
Aruba,2018,30082.1276448186
Aruba,2019,31096.2050738676
Aruba,2020,22855.9323200761
Aruba,2021,27200.0610793969
Aruba,2022,30559.5335346581
Aruba,2023,33984.7906198041
Aruba,2024,
Afghanistan,2015,565.569730408751
Afghanistan,2016,522.082215583898
Afghanistan,2017,525.469770891619
Afghanistan,2018,491.337221382603
Afghanistan,2019,496.6025042585
Afghanistan,2020,510.787063366811
Afghanistan,2021,356.496214115892
Afghanistan,2022,357.261152798144
Afghanistan,2023,413.757894705303
Afghanistan,2024,
Angola,2015,3213.90261080059
Angola,2016,1807.95294072643
Angola,2017,2437.25971190821
Angola,2018,2538.59139143371
Angola,2019,2189.85571407618
Angola,2020,1449.92286669308
Angola,2021,1925.87466082167
Angola,2022,2929.69445467272
Angola,2023,2309.53413042773
Angola,2024,2122.08368991872
Albania,2015,3981.72662261867
Albania,2016,4168.37544462548
Albania,2017,4614.0479692596
Albania,2018,5365.48880180298
Albania,2019,5460.4305086932
Albania,2020,5370.77749956875
Albania,2021,6413.28280828537
Albania,2022,6846.42669381643
Albania,2023,8575.17134637222
Albania,2024,10011.6279856667
Andorra,2015,38654.9347203095
Andorra,2016,40129.8192007698
Andorra,2017,40672.9943348258
Andorra,2018,42819.7745797624
Andorra,2019,41257.8045846483
Andorra,2020,37361.0900666982
Andorra,2021,42425.6996756291
Andorra,2022,42414.0590092117
Andorra,2023,46812.4484486309
Andorra,2024,49303.6733899464
United Arab Emirates,2015,43534.9972694631
United Arab Emirates,2016,41326.4018161569
United Arab Emirates,2017,42340.5917160161
United Arab Emirates,2018,45689.8570049401
United Arab Emirates,2019,44251.4541398817
United Arab Emirates,2020,37173.8754093066
United Arab Emirates,2021,43360.0211001327
United Arab Emirates,2022,49899.0652975197
United Arab Emirates,2023,49040.6947521035
United Arab Emirates,2024,49377.5643384379
Argentina,2015,13679.6264980954
Argentina,2016,12699.9623137756
Argentina,2017,14532.5009308511
Argentina,2018,11752.7998922979
Argentina,2019,9955.97478680428
Argentina,2020,8535.59938004389
Argentina,2021,10738.0179223384
Argentina,2022,13935.6811110049
Argentina,2023,14187.4827252965
Argentina,2024,13858.2039802008
Armenia,2015,3512.39350276709
Armenia,2016,3524.42476874707
Armenia,2017,3869.05373867752
Armenia,2018,4196.00562301769
Armenia,2019,4597.22887399548
Armenia,2020,4268.68093304583
Armenia,2021,4685.17997128509
Armenia,2022,6571.97445545099
Armenia,2023,8125.27395754003
Armenia,2024,8500.60522486719
American Samoa,2015,12727.4102651386
American Samoa,2016,12843.3342903627
American Samoa,2017,11863.6839452565
American Samoa,2018,12552.0546868861
American Samoa,2019,12886.1359517218
American Samoa,2020,14489.2586563775
American Samoa,2021,15236.1604875571
American Samoa,2022,18017.4589383973
American Samoa,2023,
American Samoa,2024,
Antigua and Barbuda,2015,16077.6340769406
Antigua and Barbuda,2016,16556.8551801588
Antigua and Barbuda,2017,16965.7288273816
Antigua and Barbuda,2018,18273.4270684912
Antigua and Barbuda,2019,18896.3721832248
Antigua and Barbuda,2020,15369.6082250401
Antigua and Barbuda,2021,17348.6006987182
Antigua and Barbuda,2022,20105.1989085164
Antigua and Barbuda,2023,21494.5474000727
Antigua and Barbuda,2024,23725.7903725506
Australia,2015,56739.0265346593
Australia,2016,49888.0410842736
Australia,2017,53901.7145392154
Australia,2018,57196.4220783778
Australia,2019,54972.7017885437
Australia,2020,51791.540179984
Australia,2021,60607.7788605166
Australia,2022,64997.0136536475
Australia,2023,64835.9199754535
Australia,2024,64407.484256932
Austria,2015,43915.228020857
Austria,2016,45061.4993920192
Austria,2017,47163.7425775142
Austria,2018,51194.0749841299
Austria,2019,49885.9947355204
Austria,2020,48716.4098900349
Austria,2021,53648.7190742245
Austria,2022,52176.6649141178
Austria,2023,56033.573792065
Austria,2024,56833.1960472053
Azerbaijan,2015,5500.50364628486
Azerbaijan,2016,3880.6852276838
Azerbaijan,2017,4147.1981423222
Azerbaijan,2018,4739.7943123408
Azerbaijan,2019,4805.75371765917
Azerbaijan,2020,4229.91064904503
Azerbaijan,2021,5408.04535175023
Azerbaijan,2022,7770.594223351
Azerbaijan,2023,7133.02838048328
Azerbaijan,2024,7283.83562954872
Burundi,2015,280.966831311923
Burundi,2016,235.286205393908
Burundi,2017,236.694472592753
Burundi,2018,224.89939239264
Burundi,2019,210.236494521532
Burundi,2020,210.008139902508
Burundi,2021,214.091455416133
Burundi,2022,250.634225368744
Burundi,2023,192.074305359351
Burundi,2024,153.930217854023
Belgium,2015,40893.804537772
Belgium,2016,41854.5498296444
Belgium,2017,44035.3239358548
Belgium,2018,47487.2100392561
Belgium,2019,46716.6227467964
Belgium,2020,45906.2875805246
Belgium,2021,51658.238294958
Belgium,2022,50822.2518538518
Belgium,2023,54690.0942734964
Belgium,2024,55954.6106261018
Benin,2015,1002.41886879614
Benin,2016,1010.5338961993
Benin,2017,1054.97408066814
Benin,2018,1151.7409703472
Benin,2019,1130.82135339795
Benin,2020,1200.19426631122
Benin,2021,1318.65158107487
Benin,2022,1266.42710981159
Benin,2023,1394.17784663045
Benin,2024,1485.38018980894
Burkina Faso,2015,630.124750752312
Burkina Faso,2016,663.742364842886
Burkina Faso,2017,709.091535894695
Burkina Faso,2018,777.465618514048
Burkina Faso,2019,764.853077774946
Burkina Faso,2020,825.237038782475
Burkina Faso,2021,895.535288442991
Burkina Faso,2022,836.118304593682
Burkina Faso,2023,882.689810086163
Burkina Faso,2024,987.321378101867
Bangladesh,2015,1224.38647668165
Bangladesh,2016,1649.28380858601
Bangladesh,2017,1811.08221668646
Bangladesh,2018,1965.24372731467
Bangladesh,2019,2129.79896954606
Bangladesh,2020,2248.85078828233
Bangladesh,2021,2482.84917843357
Bangladesh,2022,2716.48592780431
Bangladesh,2023,2551.01773827307
Bangladesh,2024,2593.41607390407
Bulgaria,2015,7268.65445473873
Bulgaria,2016,7822.49923292968
Bulgaria,2017,8696.68930427924
Bulgaria,2018,9872.38507789106
Bulgaria,2019,10372.8044341114
Bulgaria,2020,10769.9475699414
Bulgaria,2021,12972.2173356002
Bulgaria,2022,13999.6719197289
Bulgaria,2023,15883.8618545581
Bulgaria,2024,17412.4115085691
Bahrain,2015,23734.0551143019
Bahrain,2016,23800.001440631
Bahrain,2017,24784.7693514607
Bahrain,2018,26324.4066549559
Bahrain,2019,27259.7438599327
Bahrain,2020,24342.8444554718
Bahrain,2021,27147.8083882286
Bahrain,2022,30470.5219276023
Bahrain,2023,29290.1284215098
Bahrain,2024,30048.2177718844
"Bahamas, The",2015,30719.405417469
"Bahamas, The",2016,30616.5363157284
"Bahamas, The",2017,31875.4881749619
"Bahamas, The",2018,32642.3353203452
"Bahamas, The",2019,33640.3369861278
"Bahamas, The",2020,26178.7537607708
"Bahamas, The",2021,30367.8605757708
"Bahamas, The",2022,34957.1613279737
"Bahamas, The",2023,38231.774484278
"Bahamas, The",2024,39455.4466548546
Bosnia and Herzegovina,2015,4662.25883724069
Bosnia and Herzegovina,2016,4928.5665251728
Bosnia and Herzegovina,2017,5345.01985489192
Bosnia and Herzegovina,2018,6047.84584261133
Bosnia and Herzegovina,2019,6122.3753450882
Bosnia and Herzegovina,2020,6130.31133245161
Bosnia and Herzegovina,2021,7295.3438240957
Bosnia and Herzegovina,2022,7655.59421024383
Bosnia and Herzegovina,2023,8663.02322987879
Bosnia and Herzegovina,2024,8957.37294188215
Belarus,2015,5967.05595058777
Belarus,2016,5039.77560949445
Belarus,2017,5785.54491935194
Belarus,2018,6360.037502312
Belarus,2019,6837.77339645635
Belarus,2020,6542.85579976768
Belarus,2021,7489.71894713888
Belarus,2022,7994.64806074889
Belarus,2023,7896.75388295584
Belarus,2024,8316.64776291533
Belize,2015,6154.49593498217
Belize,2016,6142.49873185177
Belize,2017,6072.58267640581
Belize,2018,6031.28139580144
Belize,2019,6190.04792278445
Belize,2020,5227.19363786168
Belize,2021,6122.61158580079
Belize,2022,7068.45478269722
Belize,2023,7459.99815132837
Belize,2024,8429.67959707387
Bermuda,2015,104855.366822135
Bermuda,2016,108747.356144305
Bermuda,2017,112339.425587467
Bermuda,2018,113204.82210838
Bermuda,2019,115798.040775578
Bermuda,2020,106976.546239632
Bermuda,2021,112765.08167306
Bermuda,2022,121613.939983629
Bermuda,2023,132604.439086216
Bermuda,2024,138934.958846463
Bolivia,2015,2996.01289811344
Bolivia,2016,3035.87347732132
Bolivia,2017,3306.30301224425
Bolivia,2018,3500.72642189887
Bolivia,2019,3503.89601123129
Bolivia,2020,3099.94219053514
Bolivia,2021,3384.84486462654
Bolivia,2022,3643.92826984604
Bolivia,2023,3686.27996442176
Bolivia,2024,4001.21133990795
Brazil,2015,8936.19661712113
Brazil,2016,8836.28652735657
Brazil,2017,10080.5092819305
Brazil,2018,9300.66164923219
Brazil,2019,9029.83326681073
Brazil,2020,7074.19378337644
Brazil,2021,7972.5366498646
Brazil,2022,9281.33334441234
Brazil,2023,10377.5892792557
Brazil,2024,10280.3148624429
Barbados,2015,18954.2913724506
Barbados,2016,19065.8069800213
Barbados,2017,19692.7606711615
Barbados,2018,20055.915870771
Barbados,2019,20583.7265786414
Barbados,2020,18347.1109131055
Barbados,2021,18696.7858952957
Barbados,2022,22164.0260273876
Barbados,2023,23804.0249914995
Barbados,2024,25365.7949424181
Brunei Darussalam,2015,30625.128732694
Brunei Darussalam,2016,26663.2973199878
Brunei Darussalam,2017,28024.3824618568
Brunei Darussalam,2018,30988.1190497851
Brunei Darussalam,2019,30426.5730284202
Brunei Darussalam,2020,26834.3592463839
Brunei Darussalam,2021,31006.9636220576
Brunei Darussalam,2022,36632.9280421411
Brunei Darussalam,2023,32890.5492465722
Brunei Darussalam,2024,33417.8357740437
Bhutan,2015,2954.04081911097
Bhutan,2016,3152.30905106786
Bhutan,2017,3435.28804735662
Bhutan,2018,3400.20417245342
Bhutan,2019,3576.87987100503
Bhutan,2020,3191.66906999331
Bhutan,2021,3570.61257980872
Bhutan,2022,3711.32767981591
Bhutan,2023,3839.4093039286
Bhutan,2024,
Botswana,2015,6141.20394726616
Botswana,2016,6749.05994339013
Botswana,2017,7104.96401088027
Botswana,2018,7407.95940141786
Botswana,2019,7172.08956480028
Botswana,2020,6323.29749806946
Botswana,2021,7807.88794500125
Botswana,2022,8328.70905682185
Botswana,2023,7826.35376483298
Botswana,2024,7695.2420641819
Central African Republic,2015,366.322853938121
Central African Republic,2016,387.176203444318
Central African Republic,2017,432.324025684263
Central African Republic,2018,455.243962859534
Central African Republic,2019,449.228467602439
Central African Republic,2020,462.879071294011
Central African Republic,2021,492.263142830507
Central African Republic,2022,467.359825026238
Central African Republic,2023,495.978897288721
Central African Republic,2024,516.170424537757
Canada,2015,43594.1941045394
Canada,2016,42314.0615817218
Canada,2017,45129.628116623
Canada,2018,46539.1761570405
Canada,2019,46352.8693445211
Canada,2020,43537.839298904
Canada,2021,52886.6616372703
Canada,2022,56256.8007264015
Canada,2023,54220.3285039875
Canada,2024,54282.6176051733
Switzerland,2015,83806.4476003837
Switzerland,2016,82153.0745447889
Switzerland,2017,82254.3770471336
Switzerland,2018,85217.3691512274
Switzerland,2019,84121.9310304414
Switzerland,2020,85897.7843338323
Switzerland,2021,93664.7736696111
Switzerland,2022,94394.5106803525
Switzerland,2023,100631.802755125
Switzerland,2024,103669.872008144
Channel Islands,2015,61852.0735568957
Channel Islands,2016,55950.1482938989
Channel Islands,2017,55806.5708942966
Channel Islands,2018,60783.3529257544
Channel Islands,2019,60568.108347955
Channel Islands,2020,56785.9402005039
Channel Islands,2021,66912.1753241171
Channel Islands,2022,67627.3084478235
Channel Islands,2023,74589.1381155014
Channel Islands,2024,
Chile,2015,13433.9202987032
Chile,2016,13649.8520452803
Chile,2017,14879.9086227187
Chile,2018,15659.4808675628
Chile,2019,14495.716721687
Chile,2020,13114.815470545
Chile,2021,16206.8325493421
Chile,2022,15405.6165774073
Chile,2023,17067.0364799154
Chile,2024,16709.8893972307
China,2015,8175.33285077393
China,2016,8254.86859320357
China,2017,8979.67652709856
China,2018,10085.6638148819
China,2019,10342.9009524335
China,2020,10627.4637989619
China,2021,12887.4357242941
China,2022,12970.6056414327
China,2023,12951.1782397043
China,2024,13303.1481543868
Cote d'Ivoire,2015,1814.71855088017
Cote d'Ivoire,2016,1862.59597081287
Cote d'Ivoire,2017,1964.29930338343
Cote d'Ivoire,2018,2130.86619381144
Cote d'Ivoire,2019,2141.76836170115
Cote d'Ivoire,2020,2179.72934832935
Cote d'Ivoire,2021,2455.98127626488
Cote d'Ivoire,2022,2333.37128334477
Cote d'Ivoire,2023,2554.67304885576
Cote d'Ivoire,2024,2709.89511641252
Cameroon,2015,1415.00009710569
Cameroon,2016,1441.7201725688
Cameroon,2017,1496.08951771242
Cameroon,2018,1610.69641591017
Cameroon,2019,1555.22660476477
Cameroon,2020,1555.60370660749
Cameroon,2021,1672.32657340872
Cameroon,2022,1604.87726954895
Cameroon,2023,1736.86091073524
Cameroon,2024,1762.3683508844
"Congo, Dem. Rep.",2015,467.9145805459
"Congo, Dem. Rep.",2016,442.310472110228
"Congo, Dem. Rep.",2017,436.584534687385
"Congo, Dem. Rep.",2018,528.256019777898
"Congo, Dem. Rep.",2019,557.044161335917
"Congo, Dem. Rep.",2020,507.521230077872
"Congo, Dem. Rep.",2021,558.034077296358
"Congo, Dem. Rep.",2022,642.612267148918
"Congo, Dem. Rep.",2023,633.395661686298
"Congo, Dem. Rep.",2024,647.435704836002
"Congo, Rep.",2015,2439.35189403696
"Congo, Rep.",2016,2093.10728558843
"Congo, Rep.",2017,2211.63309874797
"Congo, Rep.",2018,2694.43413191427
"Congo, Rep.",2019,2488.42466724916
"Congo, Rep.",2020,1993.586671931
"Congo, Rep.",2021,2516.16255145432
"Congo, Rep.",2022,2620.83804304713
"Congo, Rep.",2023,2477.97845477092
"Congo, Rep.",2024,2482.24894743495
Colombia,2015,6248.51490534512
Colombia,2016,5959.84250367574
Colombia,2017,6479.53231292429
Colombia,2018,6816.96818309544
Colombia,2019,6472.54544924705
Colombia,2020,5339.68711357943
Colombia,2021,6222.62164397614
Colombia,2022,6680.44506854481
Colombia,2023,7000.83660501046
Colombia,2024,7913.98801464547
Comoros,2015,1329.3704808998
Comoros,2016,1365.48403353158
Comoros,2017,1423.92480215551
Comoros,2018,1540.71132331975
Comoros,2019,1519.26386326167
Comoros,2020,1527.16990927956
Comoros,2021,1587.72988601478
Comoros,2022,1533.87755332151
Comoros,2023,1682.20285095721
Comoros,2024,1784.11546860293
Cabo Verde,2015,3415.06266730931
Cabo Verde,2016,3608.96605234906
Cabo Verde,2017,3893.09571382506
Cabo Verde,2018,4294.96510035729
Cabo Verde,2019,4380.78117331128
Cabo Verde,2020,3539.22661248299
Cabo Verde,2021,3971.44409203423
Cabo Verde,2022,4323.31362032709
Cabo Verde,2023,4861.29184126229
Cabo Verde,2024,5272.85253011419
Costa Rica,2015,11714.7105980803
Costa Rica,2016,12091.0301606335
Costa Rica,2017,12317.0902771322
Costa Rica,2018,12590.2493781628
Costa Rica,2019,12884.6859951947
Costa Rica,2020,12394.0493969354
Costa Rica,2021,12838.1185359009
Costa Rica,2022,13625.9008491478
Costa Rica,2023,16942.0268119304
Costa Rica,2024,18587.1532203614
Cuba,2015,7727.91997207998
Cuba,2016,8110.55873961397
Cuba,2017,8610.60829531998
Cuba,2018,8911.46205964193
Cuba,2019,9232.26115935183
Cuba,2020,9605.26125067263
Cuba,2021,
Cuba,2022,
Cuba,2023,
Cuba,2024,
Curacao,2015,19361.8130008678
Curacao,2016,18944.0961493998
Curacao,2017,18938.2440469703
Curacao,2018,19119.1243941688
Curacao,2019,19220.6865793075
Curacao,2020,16356.0933254541
Curacao,2021,17979.9982909306
Curacao,2022,20501.7522782219
Curacao,2023,21061.741639092
Curacao,2024,
Cayman Islands,2015,76379.2095108681
Cayman Islands,2016,77802.2541567187
Cayman Islands,2017,80053.9444506891
Cayman Islands,2018,83865.5531568184
Cayman Islands,2019,88254.2903677044
Cayman Islands,2020,82338.7982853661
Cayman Islands,2021,86438.445257404
Cayman Islands,2022,92202.1478031576
Cayman Islands,2023,97749.5078960846
Cayman Islands,2024,
Cyprus,2015,23487.228515625
Cyprus,2016,24715.154296875
Cyprus,2017,26696.990234375
Cyprus,2018,29599.986328125
Cyprus,2019,29703.052734375
Cyprus,2020,28649.015625
Cyprus,2021,33734.03515625
Cyprus,2022,33894.44921875
Cyprus,2023,36551.41796875
Cyprus,2024,38654.16796875
Czechia,2015,17931.5987670768
Czechia,2016,18753.9686718096
Czechia,2017,20913.197632212
Czechia,2018,23705.9329811299
Czechia,2019,24062.7190013343
Czechia,2020,23472.8915454417
Czechia,2021,27696.4619527544
Czechia,2022,28282.2236715857
Czechia,2023,31591.0568216357
Czechia,2024,31706.6234229743
Germany,2015,41911.0109851054
Germany,2016,42961.0356905775
Germany,2017,45526.5999576533
Germany,2018,48874.8595028454
Germany,2019,47623.8656074829
Germany,2020,47379.765194548
Germany,2021,52265.6541620571
Germany,2022,49686.1154582583
Germany,2023,53940.4073447462
Germany,2024,55800.2194549412
Djibouti,2015,2376.12554719873
Djibouti,2016,2510.4300076241
Djibouti,2017,2618.95521147369
Djibouti,2018,2718.08338799203
Djibouti,2019,2837.16902340932
Djibouti,2020,2844.88810647853
Djibouti,2021,3025.91126413549
Djibouti,2022,3133.25779772463
Djibouti,2023,3397.52015779588
Djibouti,2024,3496.47111876763
Dominica,2015,8282.59874702141
Dominica,2016,8802.56172041363
Dominica,2017,8224.64896571414
Dominica,2018,9215.3085405645
Dominica,2019,9491.14995962374
Dominica,2020,7827.74842680426
Dominica,2021,8376.40414141113
Dominica,2022,9323.66089490562
Dominica,2023,9912.96212766668
Dominica,2024,10405.2787777582
Denmark,2015,53094.0133607574
Denmark,2016,54500.9260410217
Denmark,2017,57521.5514992225
Denmark,2018,61324.7665045565
Denmark,2019,59404.2663247723
Denmark,2020,60985.4885601514
Denmark,2021,69727.9873677012
Denmark,2022,68091.3191138669
Denmark,2023,68453.8769281145
Denmark,2024,71851.7562131368
Dominican Republic,2015,6800.95309395474
Dominican Republic,2016,7160.44200982307
Dominican Republic,2017,7412.71571571512
Dominican Republic,2018,7882.98221584944
Dominican Republic,2019,8183.01623600375
Dominican Republic,2020,7135.22273255899
Dominican Republic,2021,8527.0754858205
Dominican Republic,2022,10104.2449349081
Dominican Republic,2023,10630.431743829
Dominican Republic,2024,10875.6618443092
Algeria,2015,4685.05902729002
Algeria,2016,4424.98529027556
Algeria,2017,4554.66753957828
Algeria,2018,4577.21029180491
Algeria,2019,4468.45341883656
Algeria,2020,3743.5419522929
Algeria,2021,4160.55926736925
Algeria,2022,4961.55257664733
Algeria,2023,5364.02795022731
Algeria,2024,5631.17999109851
Ecuador,2015,5976.1596805651
Ecuador,2016,5917.63771271481
Ecuador,2017,6233.32244797718
Ecuador,2018,6303.91886658338
Ecuador,2019,6205.05765246766
Ecuador,2020,5463.64515348598
Ecuador,2021,6061.32350181711
Ecuador,2022,6515.58528418336
Ecuador,2023,6737.84748379638
Ecuador,2024,6874.705739766
"Egypt, Arab Rep.",2015,3306.98159414141
"Egypt, Arab Rep.",2016,3270.6287768197
"Egypt, Arab Rep.",2017,2395.10333299491
"Egypt, Arab Rep.",2018,2484.70315630508
"Egypt, Arab Rep.",2019,2962.98892023003
"Egypt, Arab Rep.",2020,3511.11381026379
"Egypt, Arab Rep.",2021,3827.35415374308
"Egypt, Arab Rep.",2022,4233.30783744856
"Egypt, Arab Rep.",2023,3456.78968456253
"Egypt, Arab Rep.",2024,3338.47371395895
Eritrea,2015,
Eritrea,2016,
Eritrea,2017,
Eritrea,2018,
Eritrea,2019,
Eritrea,2020,
Eritrea,2021,
Eritrea,2022,
Eritrea,2023,
Eritrea,2024,
Spain,2015,25982.4416197775
Spain,2016,26755.6061149398
Spain,2017,28381.3425596906
Spain,2018,30602.4212881113
Spain,2019,29786.5245689007
Spain,2020,27233.9426461608
Spain,2021,30799.4775937775
Spain,2022,30270.2687017458
Spain,2023,33509.0127982139
Spain,2024,35297.0094995565
Ireland,2015,64311.8234684057
Ireland,2016,64192.9418053178
Ireland,2017,72198.1076995377
Ireland,2018,80738.9628834696
Ireland,2019,81810.1926481407
Ireland,2020,86622.5067251295
Ireland,2021,103961.976350649
Ireland,2022,105234.511567597
Ireland,2023,103887.800388081
Ireland,2024,107316.337306921
"Iran, Islamic Rep.",2015,4952.73355532178
"Iran, Islamic Rep.",2016,5477.03712389913
"Iran, Islamic Rep.",2017,5753.11544659399
"Iran, Islamic Rep.",2018,4631.78709016514
"Iran, Islamic Rep.",2019,3831.27894763337
"Iran, Islamic Rep.",2020,2988.78122414716
"Iran, Islamic Rep.",2021,4334.79268631354
"Iran, Islamic Rep.",2022,4405.09291519791
"Iran, Islamic Rep.",2023,4465.63766853306
"Iran, Islamic Rep.",2024,4771.40029026226
Iraq,2015,4440.14189252367
Iraq,2016,4334.42096404188
Iraq,2017,4759.2846435467
Iraq,2018,5646.68932074742
Iraq,2019,5671.8568632942
Iraq,2020,4295.18945121228
Iraq,2021,4868.49431080783
Iraq,2022,6520.73154560584
Iraq,2023,5965.31835077761
Iraq,2024,6073.61032342708
Iceland,2015,52951.6815110898
Iceland,2016,61987.9263620283
Iceland,2017,72010.1490316258
Iceland,2018,74452.1890731447
Iceland,2019,68452.23622306
Iceland,2020,59023.5663465778
Iceland,2021,69178.4046960961
Iceland,2022,75121.0152280628
Iceland,2023,79960.0961535662
Iceland,2024,82703.8579937471
Israel,2015,36213.1041481958
Israel,2016,37671.5389138798
Israel,2017,41138.470964272
Israel,2018,42362.6652754196
Israel,2019,44250.6313628073
Israel,2020,44575.5719045492
Israel,2021,52270.9040241956
Israel,2022,54949.621556429
Israel,2023,52003.7200729997
Israel,2024,54176.6844383302
Italy,2015,30639.8829751432
Italy,2016,31391.5692898108
Italy,2017,32844.115660604
Italy,2018,34904.1081923834
Italy,2019,33812.788724868
Italy,2020,32091.4866621366
Italy,2021,36852.5425414951
Italy,2022,35653.9042103495
Italy,2023,39065.4244365633
Italy,2024,40226.0472416173
Jamaica,2015,5062.8955502426
Jamaica,2016,5009.79448724295
Jamaica,2017,5259.31332766957
Jamaica,2018,5578.10347525832
Jamaica,2019,5607.24299266608
Jamaica,2020,4879.44025773374
Jamaica,2021,5165.33782130331
Jamaica,2022,6022.15339791763
Jamaica,2023,6839.72502408181
Jamaica,2024,7019.74634780454
Jordan,2015,4042.75678097555
Jordan,2016,3986.71677010853
Jordan,2017,4065.61628749384
Jordan,2018,4145.43989673265
Jordan,2019,4170.1144003465
Jordan,2020,4022.0401356135
Jordan,2021,4183.49998326866
Jordan,2022,4332.25159897931
Jordan,2023,4466.08314208575
Jordan,2024,4618.09592498567
Japan,2015,34960.6393843385
Japan,2016,39375.4731620781
Japan,2017,38834.0529341227
Japan,2018,39751.1330982711
Japan,2019,40415.9567649547
Japan,2020,40028.7341726762
Japan,2021,40094.5599795288
Japan,2022,34065.6438962526
Japan,2023,33836.1756271617
Japan,2024,32475.8924992191
Kazakhstan,2015,10196.1226255982
Kazakhstan,2016,7475.56688689424
Kazakhstan,2017,8943.08416791984
Kazakhstan,2018,9472.48527327758
Kazakhstan,2019,9457.12614657136
Kazakhstan,2020,8781.50797787648
Kazakhstan,2021,9983.60103576902
Kazakhstan,2022,11255.3396437881
Kazakhstan,2023,12879.4275257974
Kazakhstan,2024,14005.3487362345
Kenya,2015,1489.11959777284
Kenya,2016,1554.12610314423
Kenya,2017,1667.48447230835
Kenya,2018,1836.45275528993
Kenya,2019,1960.40808854893
Kenya,2020,1927.66459027849
Kenya,2021,2061.35622089594
Kenya,2022,2109.56288513137
Kenya,2023,1952.30457929636
Kenya,2024,2206.1349785176
Kyrgyz Republic,2015,1105.65193844261
Kyrgyz Republic,2016,1103.27489428412
Kyrgyz Republic,2017,1221.39046807082
Kyrgyz Republic,2018,1283.5203037417
Kyrgyz Republic,2019,1421.99927504102
Kyrgyz Republic,2020,1229.51766602907
Kyrgyz Republic,2021,1349.99730650542
Kyrgyz Republic,2022,1739.72018344174
Kyrgyz Republic,2023,2138.22210211478
Kyrgyz Republic,2024,2419.26553574523
Cambodia,2015,1547.32010444393
Cambodia,2016,1675.19555711109
Cambodia,2017,1826.35391688754
Cambodia,2018,2036.67377566578
Cambodia,2019,2225.87705485686
Cambodia,2020,2081.73914242939
Cambodia,2021,2167.40324198499
Cambodia,2022,2325.03050040841
Cambodia,2023,2429.74853452838
Cambodia,2024,2627.8796974226
Kiribati,2015,1639.85274740652
Kiribati,2016,1742.66799324117
Kiribati,2017,1853.05122713319
Kiribati,2018,1912.73809378187
Kiribati,2019,1750.9977188915
Kiribati,2020,1751.7823197053
Kiribati,2021,2222.04829512346
Kiribati,2022,2069.76720110559
Kiribati,2023,2177.70114080416
Kiribati,2024,2288.63458265531
St. Kitts and Nevis,2015,20328.8003530109
St. Kitts and Nevis,2016,21387.5415511103
St. Kitts and Nevis,2017,22464.9899633959
St. Kitts and Nevis,2018,22901.3816403197
St. Kitts and Nevis,2019,23595.4923231291
St. Kitts and Nevis,2020,18859.0190361046
St. Kitts and Nevis,2021,18361.1449697886
St. Kitts and Nevis,2022,20985.0112160159
St. Kitts and Nevis,2023,22600.4502299468
St. Kitts and Nevis,2024,22771.4168922033
"Korea, Rep.",2015,28737.4391706499
"Korea, Rep.",2016,29280.4403170048
"Korea, Rep.",2017,31600.7358741365
"Korea, Rep.",2018,33447.1562836166
"Korea, Rep.",2019,31902.4169048194
"Korea, Rep.",2020,31721.2989141857
"Korea, Rep.",2021,35125.5224984723
"Korea, Rep.",2022,32394.6833725203
"Korea, Rep.",2023,33121.3712885508
"Korea, Rep.",2024,
Kuwait,2015,29882.2126867068
Kuwait,2016,27323.6890643847
Kuwait,2017,29047.6535822842
Kuwait,2018,32067.9623689512
Kuwait,2019,31707.8737464917
Kuwait,2020,25236.0755520534
Kuwait,2021,34018.6342879647
Kuwait,2022,39981.7690981957
Kuwait,2023,34075.8490439847
Kuwait,2024,32213.8622292316
Lao PDR,2015,2121.01339097363
Lao PDR,2016,2303.22156035363
Lao PDR,2017,2432.43059478511
Lao PDR,2018,2545.1075420815
Lao PDR,2019,2589.32081035237
Lao PDR,2020,2583.77730696131
Lao PDR,2021,2526.05105018529
Lao PDR,2022,2046.40440255621
Lao PDR,2023,2066.94979776957
Lao PDR,2024,2123.97909411797
Lebanon,2015,7714.1099998804
Lebanon,2016,8089.012088155
Lebanon,2017,8608.21084982387
Lebanon,2018,9174.53666204759
Lebanon,2019,8905.88005497437
Lebanon,2020,5561.19166950397
Lebanon,2021,4045.37391066234
Lebanon,2022,3654.35845534878
Lebanon,2023,3477.72489842684
Lebanon,2024,
Liberia,2015,692.590082351257
Liberia,2016,714.613063145659
Liberia,2017,699.269095727404
Liberia,2018,692.203127129794
Liberia,2019,658.164180770507
Liberia,2020,616.787867006715
Liberia,2021,667.96610514319
Liberia,2022,744.617175237387
Liberia,2023,799.194470229642
Liberia,2024,846.277368387389
Libya,2015,7458.48917756374
Libya,2016,7525.80299308216
Libya,2017,9965.83236729757
Libya,2018,11196.5854810844
Libya,2019,9963.19489084483
Libya,2020,6650.33810585348
Libya,2021,4935.82787349801
Libya,2022,5986.63694851258
Libya,2023,6172.81246940233
Libya,2024,6318.40314031017
St. Lucia,2015,10334.9860823918
St. Lucia,2016,10638.1269396653
St. Lucia,2017,11333.1123822102
St. Lucia,2018,11642.6984727769
St. Lucia,2019,11794.0597229805
St. Lucia,2020,8411.07474936367
St. Lucia,2021,10459.1321248092
St. Lucia,2022,13103.8243147472
St. Lucia,2023,13554.7684784933
St. Lucia,2024,14181.6303351598
Liechtenstein,2015,167187.15730982
Liechtenstein,2016,165375.491396259
Liechtenstein,2017,170547.092298954
Liechtenstein,2018,174988.775083446
Liechtenstein,2019,166907.839305016
Liechtenstein,2020,164671.093553454
Liechtenstein,2021,201944.830335076
Liechtenstein,2022,186821.881757157
Liechtenstein,2023,207973.617746758
Liechtenstein,2024,
Sri Lanka,2015,4057.7158346231
Sri Lanka,2016,4149.19190775593
Sri Lanka,2017,4398.88828068715
Sri Lanka,2018,4358.56095906047
Sri Lanka,2019,4081.94772722003
Sri Lanka,2020,3847.60137695639
Sri Lanka,2021,3996.96240014909
Sri Lanka,2022,3342.63650253855
Sri Lanka,2023,3798.89016573011
Sri Lanka,2024,4515.56787322732
Lesotho,2015,1121.19851342518
Lesotho,2016,992.491840678465
Lesotho,2017,1069.36673247542
Lesotho,2018,1170.65569702819
Lesotho,2019,1082.05706777516
Lesotho,2020,918.582577421982
Lesotho,2021,1066.58643600093
Lesotho,2022,1030.12579628833
Lesotho,2023,916.282970463888
Lesotho,2024,971.814620468788
Lithuania,2015,14269.8039878287
Lithuania,2016,14934.2702840428
Lithuania,2017,16800.1510246099
Lithuania,2018,19247.2315367967
Lithuania,2019,19608.7943945553
Lithuania,2020,20428.6478157394
Lithuania,2021,23870.4594851722
Lithuania,2022,25085.784063499
Lithuania,2023,27786.0057829276
Lithuania,2024,29386.2878350187
Luxembourg,2015,105462.012584423
Luxembourg,2016,106899.293549552
Luxembourg,2017,110193.213797228
Luxembourg,2018,116926.759593905
Luxembourg,2019,112696.649059674
Luxembourg,2020,116860.02817236
Luxembourg,2021,134965.815442152
Luxembourg,2022,123719.658915996
Luxembourg,2023,131407.681364513
Luxembourg,2024,137516.587324367
Latvia,2015,13321.9753140616
Latvia,2016,13838.5266823272
Latvia,2017,15132.4958333982
Latvia,2018,17252.1710428626
Latvia,2019,17294.9751600969
Latvia,2020,17564.2321549354
Latvia,2021,20261.8887788916
Latvia,2022,20227.2307431581
Latvia,2023,22675.5786295407
Latvia,2024,23367.5986788961
"Macao SAR, China",2015,70070.2918001631
"Macao SAR, China",2016,69074.0363049212
"Macao SAR, China",2017,77704.9215312666
"Macao SAR, China",2018,83761.8171798142
"Macao SAR, China",2019,81967.699172769
"Macao SAR, China",2020,36976.2561071429
"Macao SAR, China",2021,45376.314586156
"Macao SAR, China",2022,36909.9564090312
"Macao SAR, China",2023,67476.5290813306
"Macao SAR, China",2024,73046.8890267079
St. Martin (French part),2015,
St. Martin (French part),2016,
St. Martin (French part),2017,
St. Martin (French part),2018,
St. Martin (French part),2019,19033.0594854512
St. Martin (French part),2020,
St. Martin (French part),2021,21668.3740927942
St. Martin (French part),2022,
St. Martin (French part),2023,
St. Martin (French part),2024,
Morocco,2015,3146.24780273438
Morocco,2016,3140.85546875
Morocco,2017,3296.52661132813
Morocco,2018,3501.69799804688
Morocco,2019,3508.09765625
Morocco,2020,3268.0302734375
Morocco,2021,3785.93627929688
Morocco,2022,3455.39624023438
Morocco,2023,3771.4462890625
Morocco,2024,3993.38745117188
Monaco,2015,170437.101188261
Monaco,2016,173604.753555915
Monaco,2017,170663.375247872
Monaco,2018,188298.315668437
Monaco,2019,193746.785647412
Monaco,2020,176891.886538492
Monaco,2021,223823.363960226
Monaco,2022,226052.001905201
Monaco,2023,256580.515122745
Monaco,2024,
Moldova,2015,2749.55137054338
Moldova,2016,2847.08794770479
Moldova,2017,3453.26727720294
Moldova,2018,4156.44981956646
Moldova,2019,4405.33418162155
Moldova,2020,4375.7788930524
Moldova,2021,5274.60582195352
Moldova,2022,5744.29618434435
Moldova,2023,6799.58594644576
Moldova,2024,7617.51613089815
Madagascar,2015,445.320069480568
Madagascar,2016,453.970714522463
Madagascar,2017,491.866848718929
Madagascar,2018,500.45718552916
Madagascar,2019,499.818837622534
Madagascar,2020,450.771615201509
Madagascar,2021,483.469463351371
Madagascar,2022,503.514533472879
Madagascar,2023,508.718427705736
Madagascar,2024,544.997302693127
Maldives,2015,9644.90655028145
Maldives,2016,9947.80744731739
Maldives,2017,10509.628805812
Maldives,2018,11423.2838427029
Maldives,2019,11740.2724029785
Maldives,2020,7393.8886543933
Maldives,2021,10176.143882547
Maldives,2022,11786.0091545343
Maldives,2023,12530.3602359683
Maldives,2024,13215.5353637008
Mexico,2015,10021.2386124039
Mexico,2016,9097.92397674769
Mexico,2017,9649.27816772402
Mexico,2018,10084.7937553679
Mexico,2019,10369.5553585271
Mexico,2020,8841.2707511328
Mexico,2021,10314.0506725979
Mexico,2022,11402.1410374782
Mexico,2023,13826.1306570122
Mexico,2024,14157.9445835849
Marshall Islands,2015,3764.34426229508
Marshall Islands,2016,4229.80988911945
Marshall Islands,2017,4592.83457628576
Marshall Islands,2018,4858.12079054875
Marshall Islands,2019,5292.33985502306
Marshall Islands,2020,5661.96787336674
Marshall Islands,2021,6258.61193705127
Marshall Islands,2022,6322.82855503156
Marshall Islands,2023,6678.34239060448
Marshall Islands,2024,7466.65186507409
North Macedonia,2015,5262.68671928674
North Macedonia,2016,5598.48622617967
North Macedonia,2017,5955.2973863451
North Macedonia,2018,6713.98925398989
North Macedonia,2019,6718.85826635458
North Macedonia,2020,6659.59651070776
North Macedonia,2021,7620.80296977508
North Macedonia,2022,7606.2375253797
North Macedonia,2023,8624.28400232117
North Macedonia,2024,9310.02790015256
Mali,2015,838.11986940103
Mali,2016,872.468587171653
Mali,2017,924.057531692284
Mali,2018,996.379292136901
Mali,2019,971.949318638092
Mali,2020,953.242943290974
Mali,2021,1027.27345365357
Mali,2022,969.72220560562
Mali,2023,1035.86242628411
Mali,2024,1086.1762176779
Malta,2015,25529.6813131565
Malta,2016,26459.0772054811
Malta,2017,30317.2443357939
Malta,2018,33382.2677502638
Malta,2019,32421.9179753188
Malta,2020,31833.596382464
Malta,2021,38065.354346575
Malta,2022,36224.2819955817
Malta,2023,40182.4313854634
Malta,2024,42347.3073860173
Myanmar,2015,1166.73305546337
Myanmar,2016,1229.19713515893
Myanmar,2017,1272.82241830603
Myanmar,2018,1298.21310320785
Myanmar,2019,1425.98954211903
Myanmar,2020,1490.21683548367
Myanmar,2021,1242.72134419599
Myanmar,2022,1158.05005034332
Myanmar,2023,1233.19666209269
Myanmar,2024,1359.25961394135
Montenegro,2015,6491.19280618646
Montenegro,2016,6999.1358134109
Montenegro,2017,7758.36921956034
Montenegro,2018,8790.88152116679
Montenegro,2019,8842.48528706869
Montenegro,2020,7612.62845881291
Montenegro,2021,9377.48879714989
Montenegro,2022,9990.20444616996
Montenegro,2023,12077.3747094687
Montenegro,2024,12935.4522712126
Mongolia,2015,3838.92126989984
Mongolia,2016,3619.90026383792
Mongolia,2017,3645.96708669551
Mongolia,2018,4107.64288528468
Mongolia,2019,4347.54610314873
Mongolia,2020,4001.25193077703
Mongolia,2021,4517.61578018785
Mongolia,2022,4993.51487463495
Mongolia,2023,5838.63108083902
Mongolia,2024,6691.48209834228
Northern Mariana Islands,2015,17665.1007493109
Northern Mariana Islands,2016,24225.474169342
Northern Mariana Islands,2017,31225.6049960968
Northern Mariana Islands,2018,26509.3628379893
Northern Mariana Islands,2019,24496.6652122421
Northern Mariana Islands,2020,18220.8382427201
Northern Mariana Islands,2021,19455.50139424
Northern Mariana Islands,2022,23785.754590043
Northern Mariana Islands,2023,
Northern Mariana Islands,2024,
Mozambique,2015,610.563774706589
Mozambique,2016,441.489734819071
Mozambique,2017,470.93856305196
Mozambique,2018,517.507260258101
Mozambique,2019,519.09255091362
Mozambique,2020,462.433876479921
Mozambique,2021,509.907829475551
Mozambique,2022,578.251663751351
Mozambique,2023,622.985619320596
Mozambique,2024,647.28579950207
Mauritania,2015,1554.94897871782
Mauritania,2016,1565.76575722696
Mauritania,2017,1615.00401327323
Mauritania,2018,1722.93528854073
Mauritania,2019,1767.072710621
Mauritania,2020,1795.76459566714
Mauritania,2021,1947.78918383313
Mauritania,2022,1960.35240077424
Mauritania,2023,2120.82318421747
Mauritania,2024,2082.78374423714
Mauritius,2015,9507.87133656424
Mauritius,2016,9965.72531085228
Mauritius,2017,10841.6847754844
Mauritius,2018,11643.4605962124
Mauritius,2019,11403.2527870674
Mauritius,2020,9011.04288445023
Mauritius,2021,9068.97300226707
Mauritius,2022,10223.7882316574
Mauritius,2023,11182.186568616
Mauritius,2024,11871.733679438
Malawi,2015,539.605363240686
Malawi,2016,450.506105510719
Malawi,2017,495.769683367165
Malawi,2018,533.203173686705
Malawi,2019,580.889816066776
Malawi,2020,602.507478176106
Malawi,2021,617.447520802454
Malawi,2022,604.269751184515
Malawi,2023,602.343619809252
Malawi,2024,508.371273531708
Malaysia,2015,9648.6797937523
Malaysia,2016,9476.53409809923
Malaysia,2017,9862.54806612235
Malaysia,2018,10901.8019954421
Malaysia,2019,10920.191763972
Malaysia,2020,9957.52626697613
Malaysia,2021,10903.1116425938
Malaysia,2022,11748.0919307944
Malaysia,2023,11379.0851923557
Malaysia,2024,11867.2586435443
Namibia,2015,4774.10650865775
Namibia,2016,4395.68776162376
Namibia,2017,5143.96072323076
Namibia,2018,5308.60813408705
Namibia,2019,4731.9210318831
Namibia,2020,3878.58982993966
Namibia,2021,4412.8355693052
Namibia,2022,4349.79908493314
Namibia,2023,4187.60500350786
Namibia,2024,4413.1274418646
New Caledonia,2015,30858.7237060533
New Caledonia,2016,30782.8544433514
New Caledonia,2017,32354.7102832901
New Caledonia,2018,34902.8968780031
New Caledonia,2019,33411.3358835672
New Caledonia,2020,33270.330597637
New Caledonia,2021,35311.5543551452
New Caledonia,2022,33516.363085906
New Caledonia,2023,
New Caledonia,2024,
Niger,2015,485.662574175279
Niger,2016,502.706475406446
Niger,2017,521.804130023434
Niger,2018,578.568035680892
Niger,2019,561.691304349698
Niger,2020,579.512495758236
Niger,2021,608.722439593808
Niger,2022,609.745147661683
Niger,2023,638.336080723299
Niger,2024,722.748650326257
Nigeria,2015,2585.73360671797
Nigeria,2016,2070.4127339595
Nigeria,2017,1876.34027111773
Nigeria,2018,2057.87944554011
Nigeria,2019,2265.15520863056
Nigeria,2020,2019.65706326224
Nigeria,2021,2017.27486481527
Nigeria,2022,2139.37478476974
Nigeria,2023,1596.63696129001
Nigeria,2024,806.945695055244
Nicaragua,2015,2074.45620634731
Nicaragua,2016,2131.68704828322
Nicaragua,2017,2182.61380995674
Nicaragua,2018,2035.16549390507
Nicaragua,2019,1958.62051528095
Nicaragua,2020,1938.44704754382
Nicaragua,2021,2138.38588469449
Nicaragua,2022,2322.89053964583
Nicaragua,2023,2609.44492072931
Nicaragua,2024,2847.53966339498
Netherlands,2015,45793.8135434697
Netherlands,2016,46808.5291492503
Netherlands,2017,49513.6817346384
Netherlands,2018,53955.0770024266
Netherlands,2019,53554.9007491475
Netherlands,2020,53467.9277413737
Netherlands,2021,60141.9880911492
Netherlands,2022,59123.318556487
Netherlands,2023,64572.0059558854
Netherlands,2024,68218.7261019406
Norway,2015,74809.9658049898
Norway,2016,70867.3609970749
Norway,2017,76131.8384032764
Norway,2018,82792.8427113304
Norway,2019,76430.5889473338
Norway,2020,68340.0181033702
Norway,2021,93072.8925119571
Norway,2022,109269.520580298
Norway,2023,87497.3289297342
Norway,2024,86809.7246897431
Nepal,2015,875.543635474862
Nepal,2016,877.256454696737
Nepal,2017,1034.28374906846
Nepal,2018,1179.19843190389
Nepal,2019,1203.14294706401
Nepal,2020,1154.21517578318
Nepal,2021,1252.75076731986
Nepal,2022,1385.91066274851
Nepal,2023,1382.33055769304
Nepal,2024,1447.31004458428
Nauru,2015,7703.43149943923
Nauru,2016,8724.30700255019
Nauru,2017,9613.41209082575
Nauru,2018,11408.6947593898
Nauru,2019,10776.8284610316
Nauru,2020,10695.6993301601
Nauru,2021,14989.6647450751
Nauru,2022,12896.4341046481
Nauru,2023,12754.1867566585
Nauru,2024,13421.8330584638
New Zealand,2015,38665.3723018158
New Zealand,2016,40113.7195382428
New Zealand,2017,42950.3841711138
New Zealand,2018,43257.0769238879
New Zealand,2019,42779.2298164101
New Zealand,2020,41850.92032802
New Zealand,2021,49689.498134519
New Zealand,2022,48760.0381935936
New Zealand,2023,48654.904227478
New Zealand,2024,48747.0136853042
Oman,2015,18808.3077921839
Oman,2016,17110.1897460545
Oman,2017,17820.0661809335
Oman,2018,19901.7615642016
Oman,2019,19180.1864152801
Oman,2020,16784.8630630058
Oman,2021,19403.4600160211
Oman,2022,23223.5829405935
Oman,2023,20972.4830886637
Oman,2024,20248.4168124608
Pakistan,2015,1380.47020838317
Pakistan,2016,1424.69161195897
Pakistan,2017,1519.23459514248
Pakistan,2018,1569.33814626355
Pakistan,2019,1390.41690981745
Pakistan,2020,1278.39735206896
Pakistan,2021,1455.31922370186
Pakistan,2022,1538.3228133171
Pakistan,2023,1365.16927410976
Pakistan,2024,1484.74985864775
Panama,2015,14082.6548502728
Panama,2016,14832.3611608191
Panama,2017,15694.6297454295
Panama,2018,16151.3273478476
Panama,2019,16477.9066285687
Panama,2020,13290.5608347594
Panama,2021,15509.8069109784
Panama,2022,17332.4360742988
Panama,2023,18686.4050961265
Panama,2024,19102.8521936399
Peru,2015,6231.71150338894
Peru,2016,6217.03599995447
Peru,2017,6736.16693725487
Peru,2018,6978.49121548627
Peru,2019,7037.00803692604
Peru,2020,6133.32552410183
Peru,2021,6826.20255614477
Peru,2022,7350.63034300417
Peru,2023,7887.54185920108
Peru,2024,8452.37167047598
Philippines,2015,2909.85818010301
Philippines,2016,2985.19564024046
Philippines,2017,3038.12124959289
Philippines,2018,3168.51036609727
Philippines,2019,3400.78949767074
Philippines,2020,3227.57910235199
Philippines,2021,3484.38593882819
Philippines,2022,3548.06930572116
Philippines,2023,3804.08274131097
Philippines,2024,3984.8315387656
Palau,2015,15690.759707372
Palau,2016,16762.5723436534
Palau,2017,16034.1342914889
Palau,2018,16197.7265072415
Palau,2019,15841.1956399595
Palau,2020,14556.5872302158
Palau,2021,13257.2063206433
Palau,2022,14392.2011374514
Palau,2023,15899.4246065324
Palau,2024,
Papua New Guinea,2015,2484.5963398603
Papua New Guinea,2016,2316.39479758492
Papua New Guinea,2017,2477.76530986323
Papua New Guinea,2018,2566.36833735041
Papua New Guinea,2019,2575.77274140393
Papua New Guinea,2020,2429.61134585269
Papua New Guinea,2021,2607.57861874444
Papua New Guinea,2022,3102.28968594061
Papua New Guinea,2023,2966.06830432055
Papua New Guinea,2024,3076.48786186584
Poland,2015,12637.5220324406
Poland,2016,12464.0121044827
Poland,2017,13913.3415190124
Poland,2018,15658.210586693
Poland,2019,15874.5220531254
Poland,2020,16150.9291009726
Poland,2021,18635.5088812509
Poland,2022,18891.213529396
Poland,2023,22145.2643088909
Poland,2024,25022.6716445953
Puerto Rico (US),2015,29242.041465085
Puerto Rico (US),2016,29978.0889268918
Puerto Rico (US),2017,30328.4871132804
Puerto Rico (US),2018,30679.9181934488
Puerto Rico (US),2019,31830.5284993358
Puerto Rico (US),2020,31427.1130762831
Puerto Rico (US),2021,32619.0704601174
Puerto Rico (US),2022,35353.6821570014
Puerto Rico (US),2023,36948.4036416846
Puerto Rico (US),2024,39285.0174585856
"Korea, Dem. People's Rep.",2015,
"Korea, Dem. People's Rep.",2016,
"Korea, Dem. People's Rep.",2017,
"Korea, Dem. People's Rep.",2018,
"Korea, Dem. People's Rep.",2019,
"Korea, Dem. People's Rep.",2020,
"Korea, Dem. People's Rep.",2021,
"Korea, Dem. People's Rep.",2022,
"Korea, Dem. People's Rep.",2023,
"Korea, Dem. People's Rep.",2024,
Portugal,2015,19215.7813014347
Portugal,2016,19980.2808866516
Portugal,2017,21442.3842768879
Portugal,2018,23541.1401075289
Portugal,2019,23343.3628970034
Portugal,2020,22299.4044062173
Portugal,2021,24711.4510062111
Portugal,2022,24620.519556875
Portugal,2023,27386.2920595024
Portugal,2024,28844.4979246799
Paraguay,2015,5879.33792308671
Paraguay,2016,5775.1596339946
Paraguay,2017,6152.26711537703
Paraguay,2018,6258.44991640954
Paraguay,2019,5821.18199548637
Paraguay,2020,5365.47220721191
Paraguay,2021,5976.9317978996
Paraguay,2022,6205.6259537937
Paraguay,2023,6299.99026533643
Paraguay,2024,6416.09709002917
West Bank and Gaza,2015,3272.15432360708
West Bank and Gaza,2016,3527.61382413178
West Bank and Gaza,2017,3620.36048715937
West Bank and Gaza,2018,3562.33094270256
West Bank and Gaza,2019,3656.85827137011
West Bank and Gaza,2020,3233.56863835858
West Bank and Gaza,2021,3678.63565662194
West Bank and Gaza,2022,3799.95527015163
West Bank and Gaza,2023,3455.02852911712
West Bank and Gaza,2024,2592.30591217647
French Polynesia,2015,19166.9594761931
French Polynesia,2016,19690.0775734589
French Polynesia,2017,20826.9312492172
French Polynesia,2018,21925.616043938
French Polynesia,2019,21582.5892046801
French Polynesia,2020,19966.4838503859
French Polynesia,2021,21982.9038942614
French Polynesia,2022,20738.6499971661
French Polynesia,2023,22774.1418988734
French Polynesia,2024,
Qatar,2015,68985.2946961507
Qatar,2016,61253.6375482797
Qatar,2017,63279.8556949332
Qatar,2018,71039.8490579352
Qatar,2019,66841.3013484919
Qatar,2020,51683.5054376677
Qatar,2021,71751.8831257169
Qatar,2022,88701.463352273
Qatar,2023,80195.8746508549
Qatar,2024,76275.9076782833
Romania,2015,8977.01748158196
Romania,2016,9404.54005870715
Romania,2017,10727.9822007426
Romania,2018,12502.2624061935
Romania,2019,12992.0326104674
Romania,2020,13082.3006559554
Romania,2021,14986.7854904274
Romania,2022,15557.8826247584
Romania,2023,18404.2730871704
Romania,2024,20072.4079244042
Russian Federation,2015,9277.7138671875
Russian Federation,2016,8663.158203125
Russian Federation,2017,10658.9130859375
Russian Federation,2018,11211.8876953125
Russian Federation,2019,11447.701171875
Russian Federation,2020,10108.3271484375
Russian Federation,2021,12425.029296875
Russian Federation,2022,15619.6142578125
Russian Federation,2023,14159.3876953125
Russian Federation,2024,14889.0185546875
Rwanda,2015,733.998630392314
Rwanda,2016,729.519134044611
Rwanda,2017,758.300966737624
Rwanda,2018,771.773511057901
Rwanda,2019,810.051412137354
Rwanda,2020,778.701498787411
Rwanda,2021,829.544845639777
Rwanda,2022,975.469323979541
Rwanda,2023,1027.03446804432
Rwanda,2024,999.654561402699
Saudi Arabia,2015,23256.1549553531
Saudi Arabia,2016,22267.7217050387
Saudi Arabia,2017,23929.2907135982
Saudi Arabia,2018,29360.0658968566
Saudi Arabia,2019,29566.7933827436
Saudi Arabia,2020,24338.8307301067
Saudi Arabia,2021,31920.7653655643
Saudi Arabia,2022,38510.2276211037
Saudi Arabia,2023,36156.848337701
Saudi Arabia,2024,35057.2252306969
Sudan,2015,1292.37963867188
Sudan,2016,1033.21594238281
Sudan,2017,966.505676269531
Sudan,2018,731.027465820313
Sudan,2019,709.975280761719
Sudan,2020,577.795227050781
Sudan,2021,712.122009277344
Sudan,2022,1046.24084472656
Sudan,2023,797.283447265625
Sudan,2024,989.312866210938
Senegal,2015,1218.00613555438
Senegal,2016,1266.43957151587
Senegal,2017,1356.80518449031
Senegal,2018,1452.55612562445
Senegal,2019,1431.18128932159
Senegal,2020,1461.08720350553
Senegal,2021,1598.10676952274
Senegal,2022,1574.0281059306
Senegal,2023,1698.03387300843
Senegal,2024,1743.98888384359
Singapore,2015,55645.6068614606
Singapore,2016,57005.5887176547
Singapore,2017,61236.251270627
Singapore,2018,66881.6067035265
Singapore,2019,65952.0378959293
Singapore,2020,61410.0792630788
Singapore,2021,80056.1288247844
Singapore,2022,90299.0694637269
Singapore,2023,85412.230345235
Singapore,2024,90674.066632628
Solomon Islands,2015,2045.47889485251
Solomon Islands,2016,2082.62989047871
Solomon Islands,2017,2143.57465243959
Solomon Islands,2018,2278.20633913383
Solomon Islands,2019,2223.66502559565
Solomon Islands,2020,2063.33101522108
Solomon Islands,2021,1996.86976779348
Solomon Islands,2022,2005.4139933198
Solomon Islands,2023,2076.10768772563
Solomon Islands,2024,2149.37957267304
Sierra Leone,2015,964.575980888989
Sierra Leone,2016,844.416411175476
Sierra Leone,2017,779.186007841728
Sierra Leone,2018,845.914540460932
Sierra Leone,2019,844.049555179116
Sierra Leone,2020,845.982914284565
Sierra Leone,2021,886.192939104469
Sierra Leone,2022,860.774590932595
Sierra Leone,2023,757.848680560444
Sierra Leone,2024,873.388575182318
El Salvador,2015,3790.34089108162
El Salvador,2016,3901.34014965811
El Salvador,2017,4020.12671373919
El Salvador,2018,4183.54620971358
El Salvador,2019,4320.11671534627
El Salvador,2020,3997.19279583709
El Salvador,2021,4642.60743101342
El Salvador,2022,5074.60210221806
El Salvador,2023,5365.44491399171
El Salvador,2024,5579.65969165029
San Marino,2015,43146.8240435428
San Marino,2016,44359.4797662688
San Marino,2017,45192.0279766943
San Marino,2018,47950.6880557136
San Marino,2019,46627.0122356944
San Marino,2020,44426.6463400658
San Marino,2021,54168.9828262684
San Marino,2022,54264.570495898
San Marino,2023,
San Marino,2024,
"Somalia, Fed. Rep.",2015,445.583080073396
"Somalia, Fed. Rep.",2016,460.928490585175
"Somalia, Fed. Rep.",2017,510.939952317726
"Somalia, Fed. Rep.",2018,509.525801898508
"Somalia, Fed. Rep.",2019,539.893931565407
"Somalia, Fed. Rep.",2020,518.184778494334
"Somalia, Fed. Rep.",2021,549.114742721701
"Somalia, Fed. Rep.",2022,573.128092472349
"Somalia, Fed. Rep.",2023,597.458854603043
"Somalia, Fed. Rep.",2024,636.983477589273
Serbia,2015,5820.3215576888
Serbia,2016,5982.37030126471
Serbia,2017,6548.03653824187
Serbia,2018,7559.86165747394
Serbia,2019,7755.632986437
Serbia,2020,8098.70955668849
Serbia,2021,9680.52798074468
Serbia,2022,10022.9688543402
Serbia,2023,12281.5058488303
Serbia,2024,13523.7246826854
South Sudan,2015,1080.14718624765
South Sudan,2016,
South Sudan,2017,
South Sudan,2018,
South Sudan,2019,
South Sudan,2020,
South Sudan,2021,
South Sudan,2022,
South Sudan,2023,
South Sudan,2024,
Sao Tome and Principe,2015,1298.10946596396
Sao Tome and Principe,2016,1434.87018050521
Sao Tome and Principe,2017,1555.79477812888
Sao Tome and Principe,2018,1825.59971753966
Sao Tome and Principe,2019,1935.2931816596
Sao Tome and Principe,2020,2167.22001796925
Sao Tome and Principe,2021,2362.58827248102
Sao Tome and Principe,2022,2389.73729784737
Sao Tome and Principe,2023,2940.93352926715
Sao Tome and Principe,2024,3244.82899741459
Suriname,2015,8813.61705392067
Suriname,2016,5644.2061057532
Suriname,2017,6049.52128553675
Suriname,2018,6665.74180472239
Suriname,2019,6629.66775248603
Suriname,2020,4755.39221710693
Suriname,2021,5029.84838543953
Suriname,2022,6084.43876736445
Suriname,2023,5494.07409425517
Suriname,2024,7430.70219176443
Slovak Republic,2015,16442.0760860018
Slovak Republic,2016,16636.0769133073
Slovak Republic,2017,17645.5298716761
Slovak Republic,2018,19573.3717031314
Slovak Republic,2019,19406.0589683582
Slovak Republic,2020,19735.4858280801
Slovak Republic,2021,22132.4483028948
Slovak Republic,2022,21334.6011006572
Slovak Republic,2023,24673.5482979144
Slovak Republic,2024,26147.9028430133
Slovenia,2015,20697.2748530619
Slovenia,2016,21447.8377796036
Slovenia,2017,23303.077705959
Slovenia,2018,25888.0481065655
Slovenia,2019,25814.1687167572
Slovenia,2020,25392.0651093612
Slovenia,2021,29187.369382785
Slovenia,2022,28373.8382265999
Slovenia,2023,32610.110922729
Slovenia,2024,34089.3527652778
Sweden,2015,51197.9529341175
Sweden,2016,51820.3972482676
Sweden,2017,53300.8587281785
Sweden,2018,54181.9069780904
Sweden,2019,51773.0464558993
Sweden,2020,52653.7565934247
Sweden,2021,61174.9680215622
Sweden,2022,55296.9371472535
Sweden,2023,55567.0890080496
Sweden,2024,57723.2345031532
Eswatini,2015,3420.75357067279
Eswatini,2016,3239.80707501414
Eswatini,2017,3853.99147918102
Eswatini,2018,3973.46344933667
Eswatini,2019,3913.12643969301
Eswatini,2020,3454.784217446
Eswatini,2021,3966.29863253832
Eswatini,2022,3889.65276959161
Eswatini,2023,3741.69010745416
Eswatini,2024,3936.10969242371
Sint Maarten (Dutch part),2015,37839.6283815163
Sint Maarten (Dutch part),2016,37308.6147795736
Sint Maarten (Dutch part),2017,34701.3058494468
Sint Maarten (Dutch part),2018,31708.3110124742
Sint Maarten (Dutch part),2019,34861.469528968
Sint Maarten (Dutch part),2020,30150.8998380477
Sint Maarten (Dutch part),2021,32548.4366854902
Sint Maarten (Dutch part),2022,36476.6300833859
Sint Maarten (Dutch part),2023,38077.5444869761
Sint Maarten (Dutch part),2024,40027.9175992113
Seychelles,2015,15333.1051727105
Seychelles,2016,16566.9946042294
Seychelles,2017,17480.3651911372
Seychelles,2018,18440.2340460932
Seychelles,2019,19141.5118743615
Seychelles,2020,14041.4754074575
Seychelles,2021,14982.9111487767
Seychelles,2022,16836.6721895387
Seychelles,2023,18262.7115849287
Seychelles,2024,17858.8226383978
Syrian Arab Republic,2015,847.731631942565
Syrian Arab Republic,2016,656.3490586313
Syrian Arab Republic,2017,851.502005254153
Syrian Arab Republic,2018,1098.0668642357
Syrian Arab Republic,2019,1109.53926036049
Syrian Arab Republic,2020,572.355289831901
Syrian Arab Republic,2021,663.614245706815
Syrian Arab Republic,2022,1051.67149587463
Syrian Arab Republic,2023,847.372723418531
Syrian Arab Republic,2024,
Turks and Caicos Islands,2015,25736.101625461
Turks and Caicos Islands,2016,26946.4178520162
Turks and Caicos Islands,2017,25614.8372710646
Turks and Caicos Islands,2018,31625.616593277
Turks and Caicos Islands,2019,31780.5217068989
Turks and Caicos Islands,2020,20690.9160546118
Turks and Caicos Islands,2021,27329.2885087196
Turks and Caicos Islands,2022,31280.5418020808
Turks and Caicos Islands,2023,35470.2151608295
Turks and Caicos Islands,2024,37506.7798431288
Chad,2015,993.990730610869
Chad,2016,861.831767630746
Chad,2017,854.46120040098
Chad,2018,948.656629871231
Chad,2019,893.336441643325
Chad,2020,866.947814890409
Chad,2021,946.358500208374
Chad,2022,966.036468278568
Chad,2023,989.058528968588
Chad,2024,1016.08880662712
Togo,2015,751.052405084336
Togo,2016,772.581787093976
Togo,2017,792.765487219069
Togo,2018,851.130806891807
Togo,2019,826.260654099894
Togo,2020,853.578220263722
Togo,2021,939.613373786407
Togo,2022,898.758154410712
Togo,2023,985.697512629974
Togo,2024,1043.14092889765
Thailand,2015,5688.85335397884
Thailand,2016,5833.57715617098
Thailand,2017,6413.09182530343
Thailand,2018,7099.77650081458
Thailand,2019,7605.69657797759
Thailand,2020,6985.64393892574
Thailand,2021,7057.20754802279
Thailand,2022,6909.35281815827
Thailand,2023,7195.10130919449
Thailand,2024,7345.13569000377
Tajikistan,2015,956.916310930656
Tajikistan,2016,788.710481734485
Tajikistan,2017,829.45714764957
Tajikistan,2018,834.288404578801
Tajikistan,2019,871.022372934846
Tajikistan,2020,834.311715460625
Tajikistan,2021,896.748053372182
Tajikistan,2022,1052.17949484894
Tajikistan,2023,1178.47990060249
Tajikistan,2024,1341.20229027672
Turkmenistan,2015,5759.497903834
Turkmenistan,2016,5686.98040962764
Turkmenistan,2017,5828.4816623489
Turkmenistan,2018,6125.05169712085
Turkmenistan,2019,6648.0348960628
Turkmenistan,2020,6592.60146027748
Turkmenistan,2021,7051.20211079213
Turkmenistan,2022,8156.35211950774
Turkmenistan,2023,8232.65225980002
Turkmenistan,2024,8571.60702949432
Timor-Leste,2015,1319.59297370991
Timor-Leste,2016,1335.54390089814
Timor-Leste,2017,1266.17767952941
Timor-Leste,2018,1219.46599728983
Timor-Leste,2019,1562.36458068032
Timor-Leste,2020,1630.86938521256
Timor-Leste,2021,2684.82702378987
Timor-Leste,2022,2343.24523350389
Timor-Leste,2023,1502.51964514186
Timor-Leste,2024,1343.14886031844
Tonga,2015,4123.90347238813
Tonga,2016,3987.98618837043
Tonga,2017,4365.92929788648
Tonga,2018,4638.8978542585
Tonga,2019,4676.84802517145
Tonga,2020,4700.44940541029
Tonga,2021,4912.57966349119
Tonga,2022,4933.07466930785
Tonga,2023,4863.76384632192
Tonga,2024,
Trinidad and Tobago,2015,19887.2337359338
Trinidad and Tobago,2016,17449.1623528186
Trinidad and Tobago,2017,17578.6417765865
Trinidad and Tobago,2018,17575.8042838042
Trinidad and Tobago,2019,17293.4730123427
Trinidad and Tobago,2020,15358.8612973066
Trinidad and Tobago,2021,17679.1812561341
Trinidad and Tobago,2022,20874.37682915
Trinidad and Tobago,2023,18639.259241294
Trinidad and Tobago,2024,19314.7163432664
Tunisia,2015,4014.94773686432
Tunisia,2016,3847.80354448809
Tunisia,2017,3619.03247319953
Tunisia,2018,3628.10366464236
Tunisia,2019,3528.87213306798
Tunisia,2020,3548.65363663803
Tunisia,2021,3906.93926319391
Tunisia,2022,3708.8481241036
Tunisia,2023,3950.3753419816
Tunisia,2024,4350.3717971875
Turkiye,2015,11049.9951100942
Turkiye,2016,10970.0458948862
Turkiye,2017,10695.550196231
Turkiye,2018,9568.83506330228
Turkiye,2019,9215.44049888114
Turkiye,2020,8638.73903848102
Turkiye,2021,9743.21277804855
Turkiye,2022,10674.504157865
Turkiye,2023,13105.6585004778
Turkiye,2024,15473.2872636856
Tuvalu,2015,3357.83417700071
Tuvalu,2016,3808.69755015909
Tuvalu,2017,4165.66338700106
Tuvalu,2018,4466.12034928245
Tuvalu,2019,5115.13075950206
Tuvalu,2020,4976.11254109571
Tuvalu,2021,5905.08198095343
Tuvalu,2022,5911.32727055301
Tuvalu,2023,6344.7750188689
Tuvalu,2024,
Tanzania,2015,939.127319335938
Tanzania,2016,953.0107421875
Tanzania,2017,986.674011230469
Tanzania,2018,1023.10626220703
Tanzania,2019,1063.32250976563
Tanzania,2020,1117.41528320313
Tanzania,2021,1159.85656738281
Tanzania,2022,1207.85302734375
Tanzania,2023,1224.48962402344
Tanzania,2024,1185.74548339844
Uganda,2015,862.934610355811
Uganda,2016,752.696571725656
Uganda,2017,765.218332297361
Uganda,2018,792.16570022814
Uganda,2019,822.171150141651
Uganda,2020,845.76646385001
Uganda,2021,882.791717442001
Uganda,2022,963.067314233497
Uganda,2023,1002.30913908852
Uganda,2024,1072.71369837695
Ukraine,2015,2094.47387695313
Ukraine,2016,2158.46118164063
Ukraine,2017,2604.28759765625
Ukraine,2018,3059.0517578125
Ukraine,2019,3619.86157226563
Ukraine,2020,3709.76928710938
Ukraine,2021,4775.94580078125
Ukraine,2022,4199.6708984375
Ukraine,2023,5139.59814453125
Ukraine,2024,5389.47314453125
Uruguay,2015,17125.9016800298
Uruguay,2016,17009.7584207276
Uruguay,2017,19184.6502617082
Uruguay,2018,19249.9404677501
Uruguay,2019,18315.7316980028
Uruguay,2020,15757.5355995779
Uruguay,2021,17881.818721099
Uruguay,2022,20818.6146091144
Uruguay,2023,23019.4221560046
Uruguay,2024,23906.5133029408
United States,2015,56849.4697923159
United States,2016,57976.628204291
United States,2017,60047.7190728307
United States,2018,62875.6661382728
United States,2019,65227.9565911038
United States,2020,64401.5074354212
United States,2021,71307.4017277218
United States,2022,77860.9112908848
United States,2023,82304.6204272866
United States,2024,85809.9003846356
Uzbekistan,2015,2803.19018021751
Uzbekistan,2016,2753.37951427589
Uzbekistan,2017,2190.60411562888
Uzbekistan,2018,1813.08530813664
Uzbekistan,2019,2041.38480729431
Uzbekistan,2020,1978.28051860763
Uzbekistan,2021,2258.51964119278
Uzbekistan,2022,2578.66689394219
Uzbekistan,2023,2878.96879292451
Uzbekistan,2024,3161.70010632875
St. Vincent and the Grenadines,2015,7353.73556054184
St. Vincent and the Grenadines,2016,7656.90042881178
St. Vincent and the Grenadines,2017,7988.04445019298
St. Vincent and the Grenadines,2018,8428.12677153069
St. Vincent and the Grenadines,2019,8740.59425232061
St. Vincent and the Grenadines,2020,8351.20324040982
St. Vincent and the Grenadines,2021,8641.27904024443
St. Vincent and the Grenadines,2022,9693.55867833025
St. Vincent and the Grenadines,2023,10582.3656725229
St. Vincent and the Grenadines,2024,11501.2265187188
"Venezuela, RB",2015,
"Venezuela, RB",2016,
"Venezuela, RB",2017,
"Venezuela, RB",2018,
"Venezuela, RB",2019,
"Venezuela, RB",2020,
"Venezuela, RB",2021,
"Venezuela, RB",2022,
"Venezuela, RB",2023,
"Venezuela, RB",2024,
British Virgin Islands,2015,
British Virgin Islands,2016,
British Virgin Islands,2017,
British Virgin Islands,2018,
British Virgin Islands,2019,
British Virgin Islands,2020,
British Virgin Islands,2021,
British Virgin Islands,2022,
British Virgin Islands,2023,
British Virgin Islands,2024,
Virgin Islands (U.S.),2015,34007.3529411765
Virgin Islands (U.S.),2016,35324.9748874586
Virgin Islands (U.S.),2017,35365.0693039774
Virgin Islands (U.S.),2018,36663.2087550584
Virgin Islands (U.S.),2019,38633.5298915336
Virgin Islands (U.S.),2020,39787.3741650202
Virgin Islands (U.S.),2021,42571.0777368471
Virgin Islands (U.S.),2022,44320.909185774
Virgin Islands (U.S.),2023,
Virgin Islands (U.S.),2024,
Viet Nam,2015,2577.56885340113
Viet Nam,2016,2735.0604380416
Viet Nam,2017,2956.10992127753
Viet Nam,2018,3222.31003125366
Viet Nam,2019,3440.90025375434
Viet Nam,2020,3534.03953482647
Viet Nam,2021,3704.1935590038
Viet Nam,2022,4147.69777213621
Viet Nam,2023,4323.35031982451
Viet Nam,2024,4717.29028732449
Vanuatu,2015,2854.89412272653
Vanuatu,2016,2956.12644801489
Vanuatu,2017,3159.86055790126
Vanuatu,2018,3206.65748718811
Vanuatu,2019,3207.44650452083
Vanuatu,2020,3042.98711598286
Vanuatu,2021,3211.71947349318
Vanuatu,2022,3292.34108821237
Vanuatu,2023,3515.23633611798
Vanuatu,2024,3542.81071592874
Samoa,2015,4084.36083819933
Samoa,2016,4147.07097674888
Samoa,2017,4307.59381964907
Samoa,2018,4231.81409469194
Samoa,2019,4351.94234943706
Samoa,2020,4099.6600907147
Samoa,2021,3947.64517905415
Samoa,2022,3869.46639492144
Samoa,2023,4330.17840531329
Samoa,2024,4898.77140817676
Kosovo,2015,3520.62850699375
Kosovo,2016,3759.44959067104
Kosovo,2017,4009.31799347588
Kosovo,2018,4384.18624084947
Kosovo,2019,4415.99716107514
Kosovo,2020,4310.89065548799
Kosovo,2021,5270.42965289833
Kosovo,2022,5290.94747224687
Kosovo,2023,6221.20365212094
Kosovo,2024,7299.43498083118
"Yemen, Rep.",2015,1362.17381205593
"Yemen, Rep.",2016,975.359417003225
"Yemen, Rep.",2017,811.165970405745
"Yemen, Rep.",2018,633.887202450998
"Yemen, Rep.",2019,
"Yemen, Rep.",2020,
"Yemen, Rep.",2021,
"Yemen, Rep.",2022,
"Yemen, Rep.",2023,
"Yemen, Rep.",2024,
South Africa,2015,6112.27382485974
South Africa,2016,5651.20585165749
South Africa,2017,6618.33508255701
South Africa,2018,6914.1780318076
South Africa,2019,6533.71121032856
South Africa,2020,5580.60383075189
South Africa,2021,6843.39941886204
South Africa,2022,6523.41097815853
South Africa,2023,6022.54254192335
South Africa,2024,6253.37158194543
Zambia,2015,1295.87788680068
Zambia,2016,1239.08527877713
Zambia,2017,1483.46577328065
Zambia,2018,1463.89997855593
Zambia,2019,1258.98619844462
Zambia,2020,951.644316655957
Zambia,2021,1127.16077872857
Zambia,2022,1447.12310138035
Zambia,2023,1330.72780576709
Zambia,2024,1235.08466482514
Zimbabwe,2015,1386.41855927575
Zimbabwe,2016,1407.42096413212
Zimbabwe,2017,3448.08699068824
Zimbabwe,2018,2271.85250365817
Zimbabwe,2019,1683.91313584141
Zimbabwe,2020,1730.45391034701
Zimbabwe,2021,1724.38727102272
Zimbabwe,2022,2040.54658705395
Zimbabwe,2023,2156.03409322984
Zimbabwe,2024,2656.40937654332
